field,name,ra,dec
1,ARP143,116.723333,39.019444
